Designator,Footprint,Quantity,Value,LCSC Part #
C1,Capacitor 0402,1,10μF,C76991
"C10, C11, C2, C3, C4, C5, C7, C8",Capacitor 0201,8,100nF,C76934
"C6, C9",Capacitor 0201,2,1μF,C76930
D1,Diode SOD-882,1,"PMEG3005EL,315",C282565
D2,LED 0603,1,RED,C965799
J1,TYPE-C-31-M-12,1,TYPE-C-31-M-12,C165948
J2,20021521-00010T1LF,1,SWD,C2972785
J3,20021521-00010T1LF,1,20021521-00010T1LF,C2972785
J4,FPC connector FPC-05F-10PH20,1,FPC socket 10P,C2856798
J5,MOLEX 532610271,1,PWR,C177225
"R1, R6, R8, R9",Resistor 0201,4,10kΩ,C717002
R2,Resistor 0201,1,20kΩ,C295787
"R3, R4",Resistor 0201,2,5.1kΩ,C274341
R5,Resistor 0201,1,1kΩ,C717001
R7,Resistor 0201,1,330Ω,C713496
SW1,Button GT-TC029B-H025-L1N,1,RST,C843669
SW2,EM-02KP,1,EM-02KP,C129078
"U1, U3, U5",DSBGA-4,3,TPS22914,C1848394
U2,QFN-24 4x4mm,1,CP2102N-A02-GQFN24R,C969151
U4,WSON-6 2x2mm,1,TPS7A2633DRVR,C2876256
