Designator,Mid X,Mid Y,Rotation,Layer
C1,102.405,-79.56,90.0,top
C10,108.17,-55.91,180.0,top
C11,108.17,-53.33,180.0,top
C2,105.58,-76.8125,0.0,top
C3,97.82,-76.87,270.0,top
C4,91.82,-53.21,0.0,top
C5,93.03,-55.83,90.0,top
C6,108.53,-79.2275,90.0,top
C7,107.75,-79.2275,90.0,top
C8,96.235,-60.36,0.0,top
C9,96.23,-59.53,0.0,top
D1,91.6775,-56.15,180.0,top
D2,107.4,-84.755,90.0,top
J1,100.0,-84.0925,0.0,top
J2,93.8,-74.0,90.0,top
J3,100.0,-54.3225,180.0,top
J4,100.0,-55.0,180.0,bottom
J5,92.1,-62.5,90.0,top
R1,106.88,-75.0525,270.0,top
R2,106.1,-75.0475,90.0,top
R3,101.515,-79.7,90.0,top
R4,98.755,-79.7,90.0,top
R5,106.49,-73.9225,180.0,top
R6,99.935,-72.15,270.0,top
R7,107.4,-82.325,270.0,top
R8,93.03,-54.34,270.0,top
R9,107.0,-54.5,90.0,top
SW1,92.6,-84.0,90.0,top
SW2,104.4,-64.25,0.0,top
U1,107.23,-76.7125,270.0,top
U2,103.0,-73.7225,90.0,top
U3,91.695,-54.5,0.0,top
U4,105.635,-78.9,180.0,top
U5,108.295,-54.62,180.0,top
